<?xml version="1.0" encoding="UTF-8"?>
<project-private xmlns="http://www.netbeans.org/ns/project-private/1">
    <editor-bookmarks xmlns="http://www.netbeans.org/ns/editor-bookmarks/2" lastBookmarkId="0"/>
    <open-files xmlns="http://www.netbeans.org/ns/projectui-open-files/2">
        <group>
            <file>file:/var/www/WebTodo/application/models/TodoModel.php</file>
            <file>file:/var/www/WebTodo/application/views/TodoOrder.php</file>
            <file>file:/var/www/WebTodo/application/views/TodoEdit.php</file>
            <file>file:/var/www/WebTodo/application/views/TodoIndex.php</file>
            <file>file:/var/www/WebTodo/application/views/TodoAdd.php</file>
            <file>file:/var/www/WebTodo/application/controllers/ToDo.php</file>
        </group>
    </open-files>
</project-private>
